energy,ssim_indices,psnr_indices
103148.33,0.081481986,8.821989762384048
91250.72,0.09375561,9.354248520747362
71975.61,0.11147956,10.384757910990263
76252.97,0.10989699,10.134044423368792
43036.773,0.12638192,12.61821475872507
33189.05,0.140965,13.746663298498827
30685.064,0.145779,14.087341530400364
29541.273,0.14683127,14.252319723434079
26781.75,0.15139991,14.678222120583461
25108.346,0.15497543,14.958430890108076
23875.166,0.15679629,15.177147710480554
23490.943,0.15460795,15.247607192055677
22331.02,0.15837242,15.46752613305393
21826.406,0.156063,15.566789531908396
20307.127,0.1609272,15.880126985009328
20013.238,0.16440047,15.943437871060478
19917.254,0.16198952,15.96431716705196
18606.02,0.16664147,16.2600770739356
18412.066,0.17098455,16.305586344015147
17303.475,0.17557524,16.575278807905843
16792.596,0.17687096,16.705433275042136
16196.608,0.180233,16.862370977893214
15409.615,0.18467896,17.078693767005106
15177.55,0.1867942,17.144595055109562
14534.987,0.19063644,17.33246525124163
13986.663,0.19515073,17.49947072410901
13302.082,0.19984786,17.717415530105228
12800.466,0.204408,17.884354061975145
12089.436,0.2100631,18.132551835162445
11481.719,0.21527527,18.35654302462988
10969.808,0.22025245,18.554621603840456
10585.486,0.22572005,18.709503777703745
10173.978,0.2307698,18.881704177808576
9768.189,0.23532422,19.05847077866956
9358.613,0.24056335,19.244497076247523
9086.384,0.24448438,19.372700890935374
8841.85,0.24766022,19.49118064559796
8537.348,0.25121987,19.643382085202393
8332.666,0.2545787,19.748771679962005
8121.142,0.25781265,19.86044079535495
7962.3496,0.26045817,19.946199165982534
7778.283,0.26321432,20.047774459997765
7565.8916,0.2666342,20.16801054033956
7387.134,0.27013117,20.27185194898943
7221.849,0.27394474,20.370127727849514
7092.271,0.27759984,20.44875848049998
6931.452,0.2810956,20.548369693711052
6783.717,0.2849581,20.641935003394366
6663.0664,0.2886759,20.719870161554823
6535.7983,0.29142138,20.803625290697347
6420.2383,0.2945757,20.88110013656774
6314.706,0.29773355,20.953080370825973
6219.2764,0.30098417,21.019213166129266
6120.459,0.30387852,21.08877168214424
6031.9385,0.30710626,21.15204277662725
5937.865,0.3101795,21.220308367157642
5851.857,0.31295347,21.283674709150088
5774.6855,0.3153373,21.341328433477756
5698.5063,0.3175517,21.39900148022442
5626.9814,0.3202456,21.453857162532103
5556.9,0.32276022,21.508286144175894
5500.274,0.32524493,21.552768669344985
5461.1133,0.32747117,21.583799765885175
5479.1597,0.32979414,21.569472109520106
5503.3096,0.33069256,21.55037249789065
5595.461,0.33254966,21.478253017668184
5315.2817,0.33478507,21.70134889580075
5187.999,0.3378574,21.80661250523333
5281.124,0.33926085,21.729348325422876
5223.8438,0.33941558,21.776710086120747
5050.2363,0.34283403,21.92349472537431
5064.1357,0.34471634,21.911558069057527
5071.2383,0.34490457,21.90547156388224
4942.204,0.34772697,22.01740527875989
4919.0576,0.34940568,22.037792968583748
4930.712,0.3500509,22.02751525470856
4844.907,0.35243472,22.10375729267671
4805.562,0.35337225,22.139169789834643
4809.8496,0.35390806,22.13529696693145
4752.4966,0.35643956,22.187393416270403
4717.7725,0.35781303,22.219241956194512
4697.105,0.35848674,22.238308964387095
4666.619,0.36055255,22.266588441051148
4646.0713,0.36191106,22.285753140055967
4596.6484,0.36281136,22.332199213464314
4586.2363,0.36416957,22.342047313010124
4570.452,0.3655254,22.35701993496029
4525.5127,0.3665979,22.399934075013785
4500.0566,0.367645,22.424432171499213
4495.3174,0.3688022,22.429008215516546
4467.1235,0.36967775,22.456332187191336
4431.329,0.37079096,22.491271941444772
4414.6997,0.37241125,22.507599940709998
4395.1113,0.37297738,22.52691296407559
4375.2266,0.37430587,22.54660622890272
4360.035,0.3760192,22.561712210648274
4331.72,0.3759773,22.590007747936806
4301.7393,0.3777432,22.62017083340936
4287.1934,0.37920824,22.634880854538025
4271.619,0.3791535,22.650686558519478
4253.149,0.38103476,22.669505684824784
4238.261,0.38173702,22.68473467835698
4230.815,0.3825698,22.692371336050478
4235.4893,0.38364577,22.687575373366723
4270.7114,0.38345668,22.651609578796435
4367.645,0.38476852,22.554138382200044
4603.6816,0.37976566,22.325558958908367
4512.0166,0.38371095,22.412904628550315
4255.455,0.3843435,22.66715190448199
4134.9424,0.3867859,22.791917176118414
4299.9746,0.3878341,22.621952583636183
4204.366,0.38696906,22.719606669278836
4091.7466,0.38993278,22.837524336272335
4221.464,0.39105472,22.701981006656933
4058.9812,0.39102104,22.872441408363247
4085.7231,0.39194378,22.843922261828354
4073.2617,0.39471003,22.85718876599376
3990.0479,0.3955677,22.94683075033995
4032.061,0.3945931,22.9013408665999
3957.7153,0.39700747,22.982166409180785
3983.1348,0.39894688,22.954361677376593
3939.7026,0.39787105,23.001977459700782
3916.4773,0.3993,23.027655719624708
3912.2727,0.40214133,23.032320529354653
3878.0688,0.40148878,23.07045659295307
3876.55,0.4022683,23.072157798803
3839.5454,0.4038888,23.113813933196493
3830.8079,0.40527055,23.1237082123662
3809.2075,0.40581366,23.14826537660207
3792.5254,0.40577105,23.16732689285486
3781.5432,0.40834162,23.17992104123541
3758.4907,0.40802982,23.2064767452365
3758.3398,0.40880919,23.206651397811328
3769.4607,0.41017127,23.193819522162634
3831.9624,0.41004542,23.122399369450758
4029.6003,0.41010723,22.903991962239303
4430.2363,0.40509096,22.492342776389208
4801.876,0.40522683,22.142502864976002
4402.2773,0.4015993,22.519837712407064
3990.6543,0.40855575,22.94617077508384
3992.792,0.40900373,22.943844668951034
3958.9531,0.40737978,22.980808271147065
3879.787,0.41313943,23.068532722934776
3780.2551,0.41103736,23.18140053360871
3793.936,0.4102392,23.165711678563618
3687.329,0.4173876,23.289492860216946
3690.8823,0.4173708,23.285309925523926
3670.744,0.4128621,23.30907094634583
3624.8462,0.4178187,23.363715896492256
3616.2512,0.421199,23.374025805960304
3587.7935,0.41755688,23.40833735973777
3555.4458,0.41897655,23.447671361769835
3554.2559,0.42338178,23.44912466145435
3516.957,0.42253622,23.494940929520318
3504.2952,0.4217646,23.510604918603267
3484.9697,0.42420807,23.534621467117667
3473.0342,0.42498502,23.549521095946268
3448.4119,0.4249471,23.580420422162387
3449.1482,0.42655623,23.57949332507312
3409.3582,0.42740843,23.629885526206987
3419.5996,0.4272608,23.616859120147204
3383.366,0.42913523,23.66312198868882
3387.0977,0.4296503,23.658334657467854
3362.9614,0.42968225,23.689393073662433
3356.2676,0.4311931,23.69804586348571
3338.1494,0.43229833,23.72155406001199
3329.2246,0.43225256,23.733180956792324
3314.9268,0.43389025,23.751872364015366
3302.6377,0.43449578,23.76800226519629
3296.6494,0.43409798,23.7758841076954
3282.3103,0.43595007,23.79481548322973
3275.8015,0.4369199,23.803436108816108
3266.9897,0.4361739,23.815133975960855
3255.0737,0.43752643,23.831003562176996
3247.6199,0.43871996,23.84095986246619
3238.4126,0.43837044,23.853289877694024
3230.7163,0.43919083,23.863623821675823
3221.4604,0.4398493,23.876083721640118
3214.6646,0.44054827,23.885255159272532
3206.7004,0.44109496,23.89602781374254
3199.31,0.44093278,23.906048706257405
3191.1108,0.44238737,23.917193094919682
3182.3682,0.44277653,23.92910769269379
3177.6252,0.44258907,23.935584904403623
3169.0815,0.4440515,23.94727771697173
3162.5781,0.44434175,23.956199209123742
3156.0215,0.44485867,23.965212205973042
3148.731,0.44511124,23.975256175229482
3142.3438,0.44615337,23.984074716357668
3135.6611,0.44653955,23.99332064384702
3130.124,0.44646582,24.000996181113415
3123.9402,0.4478384,24.009584387454
3118.282,0.4473765,24.017457901120277
3114.402,0.44882366,24.022864973267225
3111.9673,0.44783184,24.026261260703965
3113.7637,0.45028916,24.023755384929522
3131.9243,0.44648215,23.998498981095704
3167.6323,0.45202622,23.94926415949348
3278.6724,0.44058236,23.799631787432673
3275.975,0.45168602,23.803205814624818
3249.3865,0.44232312,23.83859815895665
3152.6265,0.45137802,23.969886713868615
3127.2632,0.45022467,24.004967442580632
3162.818,0.44673514,23.95586957097247
3144.2114,0.45333314,23.981494364672123
3109.6987,0.4482379,24.029428662668472
3083.8474,0.45257726,24.065683001343313
3115.4014,0.45417216,24.021471658143874
3130.35,0.4494731,24.0006824310691
3061.5103,0.45438018,24.09725470191325
3050.743,0.45521292,24.11255561396057
3089.5986,0.4523139,24.057590841007155
3075.103,0.45581785,24.07801493299703
3038.341,0.45581236,24.130246624272395
3033.7148,0.45474562,24.136864132968444
3043.526,0.45815668,24.122841571687964
3032.5105,0.455749,24.138588653332846
3012.8152,0.45742548,24.16688694005485
3014.9958,0.45923197,24.163744627262034
3019.963,0.45632696,24.156595801772394
3005.942,0.45992887,24.176805966627704
2995.3782,0.45874795,24.192095087838336
2990.9058,0.45934638,24.198584693441816
2985.3428,0.46067548,24.206669866946584
2981.3188,0.45962784,24.212527372298634
2974.609,0.4613935,24.222313077911153
2972.2544,0.46108758,24.22575182258104
2969.3154,0.4617567,24.23004835527604
2964.842,0.46175465,24.236596127403075
2964.662,0.46294472,24.23685961468233
2969.3423,0.46157718,24.230009265614335
2981.393,0.4643309,24.2124195489697
3014.4736,0.46037138,24.164496691435808
3077.987,0.4648391,24.07394407650522
3193.266,0.45610163,23.914260663851895
3279.141,0.46337762,23.79901078851678
3238.025,0.45431343,23.853810001345224
3035.7627,0.46303925,24.133933267222677
2983.6592,0.46452975,24.209119473646744
3070.5693,0.4580814,24.084422607745598
3061.9502,0.4653035,24.09663045509329
2990.8464,0.46305975,24.198670645995023
2993.0369,0.46198654,24.195491213510607
2995.2178,0.46831468,24.192327949072464
2972.4028,0.46282944,24.22553502833371
2955.789,0.4649402,24.24987728858153
2960.6685,0.46950313,24.242714063034647
2960.813,0.46346483,24.242501898071076
2928.7827,0.4676586,24.289740538104002
2921.3125,0.46994582,24.300831617959545
2935.9917,0.46512222,24.2790632227651
2911.8228,0.46951392,24.314962139660953
2903.5159,0.470041,24.327369620083147
2898.3015,0.46769848,24.335176380858286
2892.1045,0.47097602,24.344472208383884
2890.8005,0.4704145,24.34643042987716
2882.0273,0.46968952,24.35963059467263
2870.708,0.47175506,24.37672119263258
2867.026,0.47176507,24.382295642988986
2865.108,0.4713057,24.3852018302579
2858.2266,0.4724957,24.395645098589878
2854.2334,0.472973,24.40171672689877
2849.9102,0.47250152,24.408299965912295
2842.7651,0.47406578,24.41920198858562
2838.854,0.47339758,24.4251811862747
2833.841,0.47416028,24.432856805287773
2831.002,0.47523847,24.437210130527053
2830.567,0.4737769,24.437877702086297
2823.94,0.4758786,24.448057016535923
2818.9663,0.47548106,24.455713395471626
2815.638,0.47575128,24.460843535142654
2814.1084,0.4760389,24.46320340605812
2810.586,0.47664955,24.468642898242507
2806.226,0.4761807,24.47538522371723
2802.6465,0.47785696,24.480928240251654
2805.548,0.47618142,24.476434467209174
2812.0996,0.47859585,24.46630503129931
2825.9734,0.47542763,24.44493100038297
2849.153,0.47918352,24.409453849078524
2922.667,0.47273025,24.29881826152264
2996.895,0.47753128,24.18989674340093
3142.0337,0.46941045,23.98450340855261
3169.3508,0.47498712,23.94690860636561
3178.9658,0.47172332,23.933752872900985
2988.9238,0.47426555,24.201463504371397
2812.9785,0.47737417,24.464947358440444
2865.1433,0.47559258,24.38514815241809
2966.8096,0.4769559,24.233715111832474
2896.0493,0.4774157,24.338551909149388
2788.5156,0.4782238,24.502880941038605
2848.9302,0.48010597,24.409793912697914
2890.5122,0.47790527,24.34686362354238
2803.2974,0.47954023,24.479920124787114
2791.2644,0.48123643,24.49860210514917
2835.6836,0.47835484,24.430033629857476
2794.6929,0.48140994,24.49327073111405
2776.7021,0.48174608,24.52131870299983
2795.029,0.47934237,24.492748507995255
2780.0398,0.4829181,24.516101779662858
2772.959,0.4814963,24.52717702544676
2764.3655,0.48114738,24.540657049897515
2757.9058,0.48375952,24.5508173309736
2769.8066,0.48159298,24.532117463235743
2746.261,0.48288652,24.569193411173078
2737.5745,0.48391446,24.582952412936603
2753.7473,0.48293182,24.55737071821776
2734.1733,0.4841447,24.588350964724725
2720.85,0.48433873,24.60956542583224
2735.8745,0.48460484,24.585650245652886
2726.287,0.48478565,24.60089568768542
2710.2998,0.4853611,24.626438227659946
2717.0134,0.4856352,24.615694095808887
2715.118,0.48578298,24.61872472448004
2703.3594,0.486003,24.637573738595044
2703.3823,0.48699895,24.63753725305383
2702.2905,0.48659566,24.63929151855489
2694.2935,0.4868923,24.652163099416583
2693.5183,0.48802757,24.65341247554846
2694.793,0.4869597,24.651357686727962
2689.073,0.4884325,24.660585632130314
2686.8015,0.48752984,24.664255785378295
2695.273,0.4888765,24.650584616302726
2717.2217,0.48631272,24.615360818655326
2769.7205,0.48944953,24.532252404126087
2875.1318,0.47879004,24.370034457005683
2874.8816,0.48970595,24.370412211202325
2845.6545,0.4789659,24.414789938364116
2782.4397,0.48856726,24.512354272896264
2774.2405,0.4838995,24.525170793432203
2756.7217,0.48494232,24.552682578662587
2758.5793,0.48968792,24.54975689657965
2755.6477,0.48290387,24.554374971418127
2710.2773,0.48974815,24.62647430843007
2725.748,0.4888568,24.601754580633003
2737.9517,0.48586488,24.582354099842128
2694.8723,0.49120703,24.651229714268077
2679.0889,0.48928127,24.676740565324806
2693.7632,0.48884448,24.65301803505506
2702.2466,0.4919018,24.639361758666674
2683.038,0.48973683,24.67034343238581
2665.8142,0.49052224,24.698312928987313
2671.6243,0.49279132,24.688857948682266
2669.072,0.49013498,24.693008803769587
2658.336,0.49186468,24.71051307237916
2660.2688,0.49298024,24.707356692852297
2649.984,0.49098453,24.724179320703733
2651.4575,0.4935675,24.721764921850543
2656.41,0.4921762,24.713660866577
2642.376,0.49297428,24.736665698371517
2636.5845,0.49383804,24.746194792982095
2639.1357,0.49287418,24.74199431213065
2636.07,0.49481404,24.747042418325684
2632.1763,0.49287853,24.753461976510643
2623.8467,0.49557793,24.76722760354644
2620.5562,0.49403754,24.772677488948812
2618.373,0.49493662,24.776296148030156
2616.2876,0.49569666,24.7797568094229
2617.4644,0.4946784,24.777804430858797
2612.465,0.49631485,24.7861068782875
2609.5703,0.49548474,24.79092204261377
2605.1318,0.49629322,24.798314763279386
2601.3516,0.49653468,24.80462115672825
2603.3848,0.4963288,24.80122817912392
2617.2017,0.49726617,24.77823988732091
2655.816,0.4947324,24.714632334020045
2765.5933,0.49702382,24.538728959541505
3063.4092,0.4860023,24.094561437950325
3626.563,0.4879794,23.361659444047316
3956.0947,0.47355112,22.98394493471242
3349.3213,0.48226368,23.707043696126966
2892.9893,0.49184218,24.343143535725158
3342.6584,0.47432303,23.715691597826076
2866.4038,0.48566929,24.38323787634677
3068.7979,0.488587,24.086929086879884
2965.5537,0.47944096,24.23555372240997
2841.4421,0.48608685,24.42122377787498
2942.1343,0.49115133,24.269987153605474
2783.858,0.48633873,24.51014139625261
2852.729,0.4858893,24.40400651331708
2740.6365,0.49270478,24.578097479015252
2822.8115,0.49003378,24.449793183461527
2698.9023,0.48973727,24.644739816946423
2779.9492,0.49011004,24.516243031900814
2683.892,0.49268207,24.668961386343604
2733.4456,0.4925526,24.589507508301885
2674.1504,0.49369538,24.684753828677557
2697.5366,0.4924651,24.646938128769506
2660.6294,0.4937552,24.70676754715229
2670.046,0.49536094,24.691424362736008
2651.5474,0.4947625,24.721618188247465
2643.6445,0.49383053,24.73458090748288
2640.506,0.49573168,24.739739907885777
2626.8696,0.49732766,24.762226408095515
2626.1416,0.49641052,24.763430624434747
2613.708,0.49615392,24.784041204680133
2615.0664,0.4976368,24.781784220896654
2600.2183,0.49855915,24.806513669339477
2605.0596,0.49784517,24.79843536367015
2591.479,0.49820456,24.82113497947506
2594.165,0.49942958,24.81663599007514
2582.3984,0.4996796,24.836379082915098
2585.6475,0.4991223,24.830918872620803
2574.5815,0.5001115,24.84954495246363
2575.3376,0.5007465,24.848269771494664
2570.136,0.50026613,24.857050683739722
2567.0923,0.5006909,24.86219707498136
2562.4253,0.50155157,24.870099954360995
2560.4639,0.501492,24.87342543438896
2556.7622,0.50142306,24.87970829319898
2553.7666,0.5019582,24.884799964971553
2550.2295,0.50254947,24.890819316985482
2548.269,0.50252664,24.89415908169539
2544.5642,0.50258785,24.90047762165334
2543.552,0.50317556,24.90220566533994
2538.9165,0.50336313,24.9101278728699
2537.4568,0.5034404,24.91262526704054
2534.2915,0.5036225,24.918046025248124
2532.3,0.5039624,24.92146002749738
2530.167,0.5043183,24.925120182194394
2527.8887,0.50431633,24.929032497577772
2525.6626,0.5046835,24.932858198349873
2523.181,0.50476676,24.937128051500757
2520.8877,0.5051951,24.941076730698054
2518.8926,0.50522935,24.94451531451123
2517.052,0.50531846,24.947689805314496
2514.5225,0.50574344,24.952056318523113
2513.326,0.506002,24.95412352354011
2511.6787,0.50575596,24.956971022060372
2510.995,0.5064046,24.95815310071829
2513.0967,0.5061819,24.954519761521613
2521.3843,0.50628686,24.940221288534925
2548.5405,0.50435317,24.893696562667202
2598.4717,0.50397706,24.80943215322284
2656.8032,0.4988277,24.713017858454528
2582.5376,0.50299174,24.836145628535647
2527.9604,0.5043885,24.928909099785695
2567.6274,0.50324136,24.861291694641675
2563.6504,0.5038099,24.868023514390686
2527.6606,0.50435513,24.929424126216034
2551.1636,0.5060856,24.889228453571747
2541.3403,0.50431824,24.90598341219147
2507.9639,0.5063317,24.963399367020067
2533.357,0.5073099,24.91964754200904
2528.7075,0.50491095,24.927625625320488
2510.5862,0.5077651,24.958860665809727
2528.888,0.5069659,24.927315632048757
2504.9575,0.50716764,24.968607722557547
2505.03,0.5080494,24.968482451260805
2512.0005,0.5077039,24.956414698757943
2498.2349,0.50866723,24.980278957122692
2500.291,0.5077773,24.976705813325324
2496.3977,0.5095309,24.983473944464755
2490.5571,0.5086103,24.993646504161717
2491.6597,0.5086183,24.991724334091188
2485.6274,0.5103802,25.00225152433529
2483.3025,0.50921696,25.006315265262042
2482.3586,0.5099962,25.007966624022924
2479.305,0.5099485,25.01331202564227
2481.9917,0.5107438,25.00860852113401
2478.307,0.5096252,25.015060970270447
2477.3267,0.5115206,25.016778830767848
2480.8389,0.50965184,25.010625965169847
2477.9492,0.5116859,25.01568759493313
2483.0657,0.50975156,25.00672950902821
2489.2083,0.51225144,24.995999644772787
2499.9507,0.50844985,24.977296937248834
2514.192,0.5133349,24.952627624683046
2547.0603,0.5060317,24.896219416719404
2550.2703,0.51341957,24.890749663462145
2566.7488,0.50644803,24.862778291567448
2552.9229,0.51277184,24.886234486850995
2546.8633,0.5081521,24.896555432331073
2548.3994,0.51016617,24.89393684056592
2573.8816,0.509951,24.850726108973763
2591.9653,0.50561434,24.820319852775235
2539.8752,0.51227504,24.908488192545875
2486.2815,0.5084986,25.001108831091003
2474.6943,0.51139617,25.021396370127817
2515.2886,0.5124,24.950733929842425
2537.195,0.5080106,24.913073183848837
2496.1685,0.5134981,24.983873001803794
2462.9175,0.5122812,25.04211342767433
2472.8013,0.511095,25.024719720674828
2494.269,0.5140798,24.98717898324148
2487.0151,0.5109301,24.99982758247338
2456.646,0.5132864,25.05318592817102
2456.3738,0.5142829,25.05366747638494
2472.3647,0.5116276,25.025486720298428
2465.732,0.51476926,25.03715336799403
2448.9136,0.51349264,25.066876870732568
2443.5254,0.514067,25.076443558263755
2452.5232,0.51529133,25.06048055933811
2457.5215,0.51262206,25.05163839123396
2442.5776,0.5160125,25.078128097666497
2433.099,0.51485246,25.095013756973408
2437.6782,0.51424074,25.086847894119625
2440.56,0.51643246,25.0817165099713
2437.9338,0.5142401,25.086392555230347
2430.708,0.5161837,25.0992839440828
2427.5222,0.5160381,25.10497943931263
2429.662,0.51546115,25.101153036785327
2431.615,0.5165252,25.09766366139843
2429.659,0.51590466,25.101158502821722
2427.9312,0.5164105,25.104248064390898
2431.9895,0.5166082,25.09699482359194
2450.2588,0.5146131,25.064492390588597
2478.2783,0.51568645,25.01511129241058
2544.836,0.5096216,24.900013622305668
2519.187,0.51251745,24.944007460849818
2455.353,0.5128676,25.05547269839655
2451.951,0.5150502,25.061494252026286
2480.0745,0.5133116,25.011964565443602
2461.6768,0.5134411,25.044301255210797
2442.2761,0.5157397,25.0786644656489
2456.059,0.51569134,25.05422390780503
2451.753,0.5137173,25.061844676832298
2443.8005,0.51751643,25.075954176825338
2458.4883,0.514694,25.049930286104242
2466.3145,0.51781774,25.036127318826008
2500.1665,0.5140531,24.97692214131757
2556.6826,0.5183646,24.87984381751882
2674.1067,0.50790423,24.684824475736086
2749.7622,0.5179066,24.563660177909195
2827.568,0.5059789,24.44248111821564
2642.3904,0.51424783,24.73664217653917
2475.4292,0.51533353,25.02010656712767
2477.3694,0.51177627,25.016704016235593
2566.088,0.5171759,24.863896434777498
2539.3516,0.5127155,24.90938331883763
2436.2178,0.5157841,25.089450840125124
2484.212,0.518658,25.004725297032664
2524.453,0.51153356,24.934939037188126
2440.2327,0.51808137,25.08229926761281
2447.2778,0.5187162,25.069778589326994
2488.4783,0.51245135,24.997273186822543
2447.9087,0.5194954,25.068659898656765
2424.948,0.5183017,25.10958728342542
2452.2778,0.5150037,25.060914779190266
2443.1626,0.52032787,25.077088074102612
2415.5493,0.5176278,25.126452217470238
2431.4639,0.5172603,25.097933311657332
2424.582,0.520472,25.11024276045793
2404.29,0.51870054,25.146743038955627
2413.9683,0.5188954,25.129295958621096
2414.7456,0.5204386,25.127897516051398
2400.5469,0.5195797,25.153509883813427
2399.8735,0.51971227,25.154728284198274
2402.1836,0.5213153,25.15054984178985
2393.646,0.51991373,25.1660127958481
2389.8735,0.52065504,25.172862995335162
2393.2288,0.52190167,25.166769639838023
2392.0903,0.51996255,25.16883601822812
2384.2285,0.5220422,25.18313265953283
2383.183,0.5214744,25.185037540819287
2384.8599,0.52143663,25.181983073060394
2382.1743,0.5222838,25.186876311183795
2378.21,0.52184415,25.194109565510328
2377.4407,0.52227837,25.195514896009588
2380.5679,0.5225465,25.189806167085813
2386.9614,0.5213902,25.178157699084135
2392.1946,0.52256566,25.16864639972723
2406.857,0.52042913,25.142108904226582
2416.2075,0.52124447,25.125269716350477
2414.4062,0.5202802,25.12850831668976
2390.0308,0.5219136,25.17257707829232
2370.6233,0.522374,25.207986394176842
2377.7876,0.5230072,25.19488105668112
2393.4248,0.5216153,25.166413991580463
2387.7747,0.52279925,25.17667822929351
2372.1196,0.5231638,25.205245796181494
2366.9404,0.52363807,25.214738426890303
2372.668,0.5233612,25.20424203050993
2375.2202,0.52423173,25.199573284300293
2371.296,0.5226994,25.206754403687775
2368.553,0.52565217,25.21178072558335
2375.2996,0.5219862,25.199427852875274
2381.4355,0.52584416,25.188223432980163
2401.8787,0.5213483,25.151101091780465
2431.315,0.52575254,25.09819982229483
2494.5598,0.5175515,24.986672590859662
2542.8318,0.5256228,24.903435667440412
2581.4932,0.5143506,24.837901978365814
2509.1812,0.52576435,24.961291220662474
2428.6475,0.5199883,25.102966795030074
2393.872,0.52163917,25.165602483427953
2426.7393,0.5259115,25.106380678490826
2452.257,0.5175829,25.06095180357971
2396.1077,0.5258366,25.161548513378285
2378.7515,0.52434784,25.193121003590097
2413.3157,0.52018684,25.130470327767288
2409.3184,0.5267735,25.137669637145464
2383.0015,0.52271026,25.185368785549215
2374.0332,0.52433676,25.20174420453882
2390.5945,0.5256559,25.171552668477396
2379.6511,0.5227529,25.191478550571066
2357.4487,0.5262646,25.23218907880144
2370.2295,0.5255751,25.208707364572174
2371.69,0.52421194,25.206032451537563
2351.0742,0.5265003,25.243948709120637
2351.9617,0.5257237,25.242309504335772
2363.1543,0.5257005,25.221691261289006
2355.5732,0.526489,25.235645783718006
2342.1301,0.52657413,25.26050159803517
2344.418,0.5266227,25.256261059916913
2351.3557,0.52702284,25.243428636921365
2345.7202,0.5272733,25.253849723849385
2339.9937,0.52628964,25.264464573549205
2343.3975,0.5286254,25.25815245073923
2351.6655,0.52609015,25.24285643863321
2352.1934,0.52896243,25.241881486538254
2361.8015,0.5260226,25.224177929102343
2378.6719,0.52835214,25.19326634580111
2410.7764,0.5251754,25.135042154915865
2435.925,0.5281657,25.089972725275857
2476.5574,0.5233725,25.018128091431947
2474.5005,0.52860135,25.021736450084603
2440.768,0.52368075,25.081346173674373
2376.6082,0.52879184,25.197036219148842
2341.5186,0.52699274,25.261635755185257
2350.9045,0.52709144,25.244261906024153
2379.7144,0.5280094,25.191363399262112
2390.354,0.52691084,25.171989458833774
2366.967,0.5277795,25.21468944637265
2339.2124,0.5290809,25.2659149674094
2332.1118,0.52749056,25.279118459250064
2341.4705,0.52951235,25.261724872675146
2351.592,0.5279868,25.242992102225056
2347.495,0.528484,25.250564741963267
2336.5632,0.52932173,25.27083632907782
2328.0964,0.52822626,25.286602018127606
2330.3389,0.53028125,25.28242070863471
2338.0166,0.528294,25.26813577006529
2331.6697,0.530224,25.27994145224978
2325.435,0.52893955,25.29156994661021
2322.7988,0.53080815,25.29649603718996
2329.9824,0.5283003,25.28308537394592
2337.3345,0.53145605,25.269403070538978
2357.4292,0.5269418,25.232225364135484
2384.2734,0.5312954,25.183051019106536
2427.511,0.5227978,25.104999663513567
2424.7603,0.5319554,25.109923909076638
2431.6208,0.5226607,25.097653266132333
2404.1545,0.531969,25.146987886513685
2368.9514,0.5247059,25.211050180452347
2336.3853,0.52958506,25.27116673156325
2349.1353,0.530596,25.24753143048172
2374.4824,0.5246987,25.200922464031898
2350.4019,0.53259885,25.24519070725432
2342.2847,0.527762,25.26021479133775
2331.2896,0.52989894,25.280649793363764
2325.0293,0.53200024,25.29232719612576
2331.9788,0.528404,25.27936582103368
2329.805,0.5318251,25.283416395484778
2324.5923,0.5303301,25.29314347388197
2316.5342,0.53128105,25.308224657693916
2315.5293,0.53174734,25.31010942876016
2313.2407,0.530847,25.314403220276116
2310.4521,0.53285366,25.31964181078174
2310.588,0.53104115,25.31938707107014
2305.2817,0.53279704,25.3293720507458
2302.5542,0.5319169,25.334513081524754
2299.689,0.5326441,25.33992067500078
2299.012,0.53306466,25.341199547521928
2300.5432,0.53254485,25.338307779593624
2298.481,0.5332174,25.342202675721932
2295.35,0.53273034,25.348122367740864
2292.873,0.5337419,25.35281146990843
2294.7686,0.5330135,25.34922314004037
2295.634,0.5338953,25.347585201144163
2296.535,0.5327995,25.34588111414422
2297.114,0.5339899,25.34478608573625
2302.8525,0.533067,25.33395033547674
2315.7583,0.53349847,25.309679771626765
2343.0618,0.53253394,25.25877449131964
2388.0068,0.53083545,25.176256196109247
2448.5955,0.53117406,25.06744131156676
2492.8606,0.5275059,24.989631717544334
2518.4001,0.5326614,24.945364347093914
2466.731,0.527649,25.035393604659667
2391.4016,0.5320663,25.170086538562494
2376.3777,0.5292396,25.19745707468195
2399.561,0.5295439,25.15529371697861
2405.2485,0.53155154,25.145011717878816
2439.481,0.52815074,25.083637150079934
2471.6323,0.5305597,25.026772852829158
2522.9688,0.52817565,24.93749302317179
2494.5889,0.5288817,24.986621835296997
2464.778,0.52973586,25.038833568443984
2366.6304,0.5294942,25.21530752915622
2320.8713,0.5313006,25.3001011231403
2379.9778,0.53141826,25.19088287828015
2396.1182,0.53022677,25.16152965570493
2358.194,0.5314835,25.230816245547715
2329.4075,0.5328408,25.284157143018927
2319.4844,0.532048,25.302697391650774
2329.101,0.53283405,25.284728804112046
2340.366,0.5332617,25.26377415596922
2315.4524,0.53234243,25.310253156624615
2296.0012,0.5345141,25.34689085701167
2308.4102,0.53404784,25.323481680279368
2313.3472,0.533062,25.31420381791343
2303.6934,0.5353059,25.33236498079583
2290.8115,0.5348549,25.356718432079543
2287.2524,0.53461456,25.363470708504426
2292.4277,0.5354039,25.353655195184754
2292.7354,0.53558034,25.353072436508782
2286.83,0.53490996,25.364272611605408
2277.8018,0.5359388,25.381452844720165
2276.0728,0.5364954,25.384750308749826
2281.256,0.5353646,25.374871619181366
2278.2993,0.536586,25.38050421670219
2274.6304,0.5365982,25.387503364639137
2273.5347,0.53637177,25.389595796468065
2268.929,0.5367287,25.398402588119666
2266.734,0.53772205,25.402606409033165
2271.4417,0.53618634,25.393595847736993
2271.688,0.5382139,25.393125092781897
2271.3042,0.5361369,25.39385897665489
2277.0725,0.538596,25.382843404102005
2297.8687,0.5338566,25.34335969224649
2320.796,0.539736,25.300242094233653
2386.7642,0.527854,25.178516494057092
2420.7188,0.54053193,25.117168500636964
2454.5498,0.52488667,25.05689339380455
2393.788,0.5391976,25.16575485371853
2310.213,0.53254,25.3200921419984
2286.1836,0.53481215,25.365500389534642
2333.4502,0.53856426,25.27662674382728
2354.7024,0.5300627,25.237251335162597
2295.8735,0.53891665,25.347132222166124
2280.323,0.5370086,25.37664812332766
2310.7007,0.5334789,25.31917458417379
2308.464,0.53938407,25.323380590262694
2277.4653,0.53557605,25.382093896690392
2270.3503,0.53676057,25.39568291860811
2288.881,0.53971267,25.360379232556657
2289.8384,0.5349383,25.358563794188772
2262.638,0.53908736,25.410460939989218
2265.4165,0.53920674,25.405131141816177
2277.1438,0.53613275,25.382707246279583
2267.5198,0.54024863,25.40110073827424
2260.7566,0.5380292,25.414073562824345
2261.267,0.5382343,25.41309310474079
2263.0942,0.54030186,25.409585416719395
2260.1294,0.53824013,25.415278994367924
2254.0493,0.53945774,25.426977829706793
2254.9048,0.54011375,25.425329928978453
2255.9114,0.53873175,25.423391531259824
2251.9912,0.54066926,25.430944474000952
2252.0312,0.53936315,25.430867668711898
2254.1423,0.540391,25.42679848275114
2257.8003,0.5398491,25.419756187947378
2263.4468,0.5403184,25.408908677370473
2280.0544,0.5395709,25.37715957576971
2312.4404,0.54067165,25.31590581953281
2374.6191,0.53658,25.200672069309107
2455.9326,0.5399351,25.054447267081667
2571.1348,0.53195244,24.85536363017153
2590.6125,0.5371557,24.822587407916608
2516.1775,0.5334427,24.949198879310902
2343.3916,0.5352909,25.258163055612798
2299.754,0.539754,25.339798215136167
2373.6555,0.53308874,25.20243505407686
2368.525,0.53798664,25.211832443601608
2319.5825,0.5390006,25.302513364040085
2314.4949,0.53503805,25.312049299954293
2312.3284,0.54016644,25.316116873371502
2310.526,0.537404,25.319503342720754
2301.5244,0.5377477,25.336455834031774
2290.2744,0.5408829,25.357736404862592
2285.3938,0.53732485,25.367001236712206
2285.918,0.53957814,25.366005309283555
2283.4224,0.5404451,25.370749093761642
2266.6465,0.5387226,25.402773879019364
2262.4795,0.54039466,25.410765195507675
2270.0679,0.5405388,25.396223139519197
2261.981,0.54017574,25.411721937434734
2251.7744,0.5405088,25.431362743868952
2252.979,0.54121137,25.429040209663107
2251.6853,0.54071987,25.431534741703352
2247.3577,0.5413673,25.43988975050155
2243.2383,0.5418973,25.447857701130303
2242.3848,0.54099536,25.449510471532236
2241.5352,0.5424863,25.45115595438891
2239.7686,0.54181725,25.454579999462865
2235.3877,0.5419623,25.46308329011049
2234.9348,0.5425295,25.463963125247332
2237.7568,0.5419983,25.458482433631787
2237.5176,0.54238325,25.45894754715733
2237.1843,0.54266804,25.459594100044193
2245.3755,0.5417657,25.443722215048133
2254.4023,0.5418222,25.426297801926665
2261.5884,0.5410611,25.41247608917111
2262.0337,0.54137033,25.411621296105082
2252.0815,0.54051733,25.430770608809556
2233.3984,0.5438397,25.466949493857104
2232.7905,0.54145074,25.46813229361402
2245.2349,0.5438782,25.443993647500754
2253.809,0.5409175,25.42744093193678
2239.1143,0.54413396,25.455849547741636
2233.0342,0.54230696,25.467657498393315
2236.6367,0.54469377,25.46065715735554
2244.3281,0.5413268,25.445748359930107
2243.2544,0.54530317,25.447826204870342
2246.0664,0.5408314,25.442385696466054
2244.475,0.5459464,25.44546374089631
2253.8838,0.5406933,25.427296762926417
2266.851,0.5463817,25.402381466066927
2277.9,0.539817,25.38126501485799
2277.2405,0.54656285,25.382522931473567
2280.4678,0.5390878,25.376372225533686
2264.5908,0.54625446,25.406714332271815
2242.9636,0.540819,25.448389516780566
2218.8643,0.54567194,25.495304011164926
2215.572,0.54496133,25.501753069907917
2228.6172,0.54277605,25.476257265742213
2237.5464,0.54705507,25.458891488599022
2239.8757,0.54172206,25.454372601943106
2227.9932,0.54696,25.477473213352525
2218.3982,0.544313,25.49621665810326
2214.3064,0.5456777,25.504234817835695
2215.225,0.5460738,25.502432912111747
2218.706,0.54473346,25.495613512431966
2221.7383,0.54680294,25.489683124267437
2225.2876,0.5442764,25.48275049391741
2224.7292,0.5468349,25.483839971105464
2227.6848,0.54389256,25.478074313578873
2227.2422,0.5456953,25.47893745634699
2231.7046,0.5446703,25.47024494574549
2242.808,0.54350656,25.44869030897765
2240.7234,0.545522,25.45272915731468
2232.3623,0.5433877,25.468964661192473
2217.2446,0.5470326,25.498475759731317
2218.122,0.54510087,25.49675707392908
2226.498,0.54647994,25.48038838695465
2232.187,0.54533285,25.469306066734628
2230.62,0.5461982,25.472355404125516
2233.1196,0.54644364,25.467492104585574
2255.4922,0.5458376,25.42419864924813
2287.52,0.5455726,25.362962936264797
2335.8262,0.5437967,25.272206793369023
2392.2642,0.5448318,25.16852056507346
2479.9429,0.54135245,25.01219529606932
2491.0928,0.5430296,24.99271295210807
2412.9775,0.54088354,25.131078827538307
2259.3481,0.544204,25.416779926531984
2233.313,0.5441722,25.467115595816875
2315.7786,0.54300326,25.309641115106245
2318.7842,0.5442547,25.304008785879684
2251.3816,0.5444114,25.43212043367219
2232.8687,0.5449819,25.467980170263314
2260.1086,0.54479814,25.415318819413898
2259.7007,0.54577786,25.416102536774478
2237.4326,0.5446943,25.459112235999335
2228.8582,0.5456973,25.475787311422955
2232.8838,0.54710937,25.46795038606977
2232.5068,0.54512644,25.468683670061374
2223.611,0.54711133,25.486023317747257
2216.5884,0.5465866,25.499761014757155
2214.2527,0.5465563,25.504340315583466
2215.8794,0.54708886,25.50115024898002
2213.0454,0.5475899,25.506708710145727
2206.684,0.5467141,25.519209771263817
2203.206,0.5486687,25.52606029056065
2205.5308,0.54712594,25.521480787933353
2203.34,0.5479755,25.525796134229985
2198.5938,0.5488618,25.535161951032997
2195.3584,0.54768425,25.541557317926078
2196.0713,0.5493109,25.540147141454725
2197.5557,0.54817396,25.53721261301302
2194.7761,0.5492588,25.542709496486648
2197.6133,0.5486084,25.537098673348414
2208.273,0.55029696,25.516084366039514
2228.8232,0.54598665,25.47585520937379
2273.5566,0.55178314,25.389553957810644
2371.0454,0.54017836,25.20721287026007
2512.1853,0.5509345,24.95609504331737
2560.6367,0.5327458,24.873131963799217
2394.673,0.54977846,25.164149589380983
2264.25,0.54443115,25.407368265063454
2344.4653,0.5413615,25.256173916055022
2350.4246,0.5463362,25.245148619943606
2271.066,0.5441095,25.39431439975202
2273.7773,0.5432847,25.389132401619463
2288.5103,0.5457065,25.361083016178092
2265.8628,0.5461886,25.404275427226764
2258.5266,0.54359823,25.418359614044874
2248.0562,0.546696,25.438540187196594
2235.2832,0.5464423,25.463286561180027
2239.4785,0.5453915,25.45514257343458
2231.0466,0.54726857,25.471525439552426
2223.7773,0.5467512,25.485698670708558
2223.3804,0.54766256,25.486474103608124
2213.675,0.5464001,25.505473021126196
2206.8188,0.5488772,25.518944891109104
2208.3655,0.5484867,25.51590213853563
2203.9316,0.54714227,25.524630158525966
2200.773,0.5501637,25.53085907726159
2202.0444,0.5480881,25.52835080728066
2194.3677,0.54976714,25.543517422612187
2190.7605,0.54956234,25.550662956405723
2189.7244,0.5499577,25.552717222575506
2184.501,0.55023986,25.563088966474005
2186.6296,0.55017656,25.55885942888732
2184.0688,0.5509139,25.56394857984564
2179.987,0.55010796,25.572072589435344
2183.0942,0.5518475,25.565887022695165
2182.2734,0.55004054,25.567520181891346
2183.1836,0.5522273,25.56570896580385
2189.5347,0.54978114,25.553093172320654
2194.9846,0.5530586,25.542297243369493
2214.251,0.5481245,25.504343615927773
2244.1458,0.5538953,25.446101309313782
2302.0781,0.542742,25.335410972813577
2338.1975,0.55343467,25.267799896152265
2352.998,0.5407846,25.240396111994645
2268.2163,0.55220217,25.399766920471237
2194.217,0.5491793,25.543816190329743
2201.9648,0.548178,25.528508326901054
2246.7402,0.55276364,25.441082900671802
2243.0254,0.5458443,25.448269707861964
2192.7322,0.55196023,25.54675547105754
2194.4612,0.55233735,25.543332793952672
2221.8262,0.547147,25.4895110185876
2201.596,0.5535168,25.529235593545252
2178.6262,0.5508349,25.574784473967878
2184.816,0.5500787,25.5624632870561
2199.6338,0.5543192,25.533107835180743
2194.495,0.549478,25.543265443172587
2170.668,0.5526951,25.590677593280425
2175.671,0.553788,25.580679682292512
2188.194,0.5500404,25.55575311528681
2177.8345,0.5542269,25.576363260066977
2170.0955,0.55263615,25.591823292958086
2170.3218,0.55218333,25.591370473871862
2174.266,0.55438226,25.583484411277574
2174.1003,0.55202645,25.58381613395655
2163.5312,0.5541421,25.604979678365304
2161.6226,0.5539171,25.608813172342664
2167.2031,0.55291635,25.597615331593747
2165.5742,0.55483633,25.600881335781853
2161.7268,0.5531566,25.608603716116434
2159.5137,0.554735,25.61305180936927
2159.7,0.5543968,25.612677895947613
2161.65,0.55360156,25.608758637162126
2162.9329,0.5551472,25.60618140547465
2165.2588,0.5532894,25.601513489209225
2168.752,0.5545906,25.594513204352133
2182.7139,0.5528874,25.566643478893518
2190.9082,0.55262023,25.55037049018026
2193.1108,0.55285877,25.54600596140172
2179.1614,0.5526935,25.573717699992716
2165.8647,0.55451304,25.600298421182345
2169.113,0.553459,25.593789819726354
2174.1567,0.55484056,25.58370301877922
2175.0818,0.5530019,25.581855879038397
2161.7788,0.55503315,25.608499532394063
2156.214,0.55498916,25.61969259730131
2159.008,0.5548596,25.61406893124131
2159.4163,0.5555926,25.613248241437635
2158.5298,0.55453736,25.615031277187814
2155.674,0.5562447,25.62078071704187
2156.9058,0.55507964,25.618300581077847
2157.6926,0.5565174,25.616715960233336
2161.6333,0.55475056,25.60879211162016
2170.9307,0.5569462,25.59015204989013
2201.514,0.5531447,25.529397639339933
2264.9365,0.5571019,25.406051266804397
2442.5503,0.54710734,25.07817621824144
2708.5425,0.5515713,24.62925528938061
3026.4487,0.5366058,24.147278623916645
2755.4692,0.54020864,24.554656308052856
2490.676,0.546699,24.993439447877087
2511.0364,0.5312313,24.958081880343773
2339.7021,0.5408311,25.265006411400798
2496.3328,0.54604524,24.983586815176764
2397.7312,0.5365948,25.15860679715771
2293.2856,0.5407136,25.35203081593171
2392.1062,0.54664856,25.168807042698656
2322.6724,0.5426681,25.296732142755623
2300.9575,0.5420923,25.337525627183844
2289.1309,0.5464584,25.359906001962425
2302.3057,0.5456781,25.334982276260227
2255.3218,0.5459377,25.424526511351825
2260.9434,0.5469589,25.413715427264624
2246.717,0.54708433,25.44112788384699
2238.651,0.54820293,25.456748399277703
2225.1204,0.5500652,25.48307674031042
2218.183,0.5487344,25.496637695702027
2220.4321,0.5492402,25.492236715740873
2197.4517,0.55200976,25.537418708025147
2205.433,0.5508164,25.521672606602436
2190.7607,0.5506483,25.550662320690183
2195.7761,0.5528004,25.54073108299046
2180.645,0.5521783,25.570762162662426
2182.2915,0.5518308,25.56748387704841
2177.832,0.55354184,25.576367959668676
2173.8855,0.5533392,25.58424479543161
2169.1904,0.55326957,25.59363507108536
2165.665,0.5541414,25.600699215638464
2167.4988,0.5542192,25.597023147334987
2158.7231,0.5547859,25.61464247375089
2157.836,0.55466294,25.616427533481428
2157.6836,0.5549553,25.616734080145957
2153.1138,0.5559695,25.62594242420851
2152.438,0.5553323,25.62730534575517
2149.1426,0.5556064,25.633959347165742
2148.1099,0.5565092,25.63604681665137
2146.711,0.5560983,25.638876357147037
2144.253,0.55638534,25.6438514531686
2143.3755,0.5568934,25.645629205154833
2140.6155,0.5569952,25.651225062861727
2140.587,0.5571673,25.65128299932368
2138.9282,0.5572395,25.65464911971704
2137.2021,0.5576959,25.658155531822935
2135.8665,0.5576684,25.660870690713335
2134.8953,0.5577597,25.662846045001086
2133.936,0.5582996,25.664797558963777
2132.8953,0.55812365,25.66691647430648
2131.2722,0.55838495,25.670222691666883
2130.748,0.5586421,25.67129082980445
2129.575,0.55859756,25.673682363958577
2128.3684,0.5588799,25.676143660762555
2127.9053,0.55902183,25.677088843744052
2127.0571,0.5591763,25.678820353726685
2126.4219,0.5591708,25.680117286055854
2126.1382,0.55944896,25.68069689844917
2126.6172,0.5593532,25.679718342089004
2129.5862,0.5594488,25.67365923905757
2137.636,0.55886227,25.65727443357568
2152.808,0.55805415,25.626558703633023
2172.5576,0.55674654,25.586898268163154
2173.5657,0.5564827,25.584884038227287
2145.1333,0.55759364,25.642068717973828
2127.3335,0.559042,25.67825561198539
2143.475,0.5587048,25.64542776886276
2155.6094,0.55778056,25.620911261716223
2138.7039,0.55872935,25.65510517907347
2124.4346,0.56000024,25.684177906652632
2136.0964,0.5593366,25.66040314114148
2139.2307,0.5593143,25.6540355561763
2125.6887,0.5597646,25.681615049860092
2124.4492,0.5607912,25.684148354062284
2133.3328,0.5594042,25.666025596522974
2124.3354,0.560977,25.684380713405655
2118.289,0.5605846,25.69675974333679
2123.4795,0.5607424,25.686131148875685
2122.9307,0.56099266,25.687253698440095
2115.7603,0.5612144,25.701947284982584
2115.521,0.5612401,25.702438337177558
2118.3987,0.5614941,25.696534847348047
2115.2988,0.5614269,25.70289492444843
2112.3206,0.56209826,25.709013762353706
2114.3113,0.5614913,25.704922728052637
2114.7957,0.56224304,25.703927611252237
2112.961,0.5614647,25.70769690091501
2115.5723,0.5631427,25.70233272426965
2126.9465,0.56027776,25.67904595087448
2146.946,0.56384486,25.63840034299041
2192.086,0.5567991,25.548035730733115
2288.018,0.56350535,25.362017339709247
2372.3618,0.54884374,25.204802736291608
2360.5757,0.56229705,25.226432342615972
2217.0132,0.55382746,25.498928993713808
2220.982,0.5569063,25.491161615806135
2308.5684,0.5591431,25.32318466475775
2291.724,0.5496916,25.354988736647933
2253.0293,0.5560443,25.428942997381483
2277.5005,0.5573051,25.38202640990221
2249.148,0.5514342,25.436431426670044
2170.9873,0.55576867,25.590039194243207
2210.085,0.55888295,25.51252192272546
2228.394,0.5534225,25.476691777525957
2183.9963,0.5558867,25.564092883305882
2203.0479,0.55974424,25.526372738237527
2169.2031,0.5550056,25.593609605877973
2158.8354,0.556722,25.614415900328833
2190.0845,0.5610367,25.552002918951665
2161.854,0.5568419,25.60834838256689
2144.6506,0.55762655,25.643046098954233
2151.8828,0.56184965,25.628425609682353
2147.109,0.5594065,25.638071399394224
2142.0,0.5595324,25.64841695629225
2139.7021,0.56170535,25.653078228472168
2129.7349,0.5603444,25.673355963279796
2127.7148,0.5612388,25.677477390416804
2128.5571,0.56211764,25.67575887536366
2126.2778,0.56132746,25.680411955400757
2122.3389,0.56233525,25.688464265515908
2118.2646,0.56241345,25.69680940200226
2114.7625,0.5624911,25.703995790337228
2112.9392,0.5628759,25.707742076768454
2114.1587,0.5629759,25.70523555398364
2110.982,0.56318545,25.711766264468004
2109.1724,0.56337994,25.71549087612216
2106.3157,0.56401235,25.721377100252468
2103.7144,0.56341654,25.726744441891984
2103.598,0.56403685,25.726984678101203
2101.573,0.56438226,25.731167378719878
2101.662,0.5639941,25.73098275823229
2101.1409,0.5645761,25.73205986706388
2098.6929,0.5646541,25.737122935493822
2097.5732,0.5648368,25.73944030317382
2096.5032,0.5648113,25.741656681321864
2094.4436,0.56528616,25.7459252244448
2093.3389,0.5650169,25.74821637260539
2092.6538,0.5657216,25.749637739045355
2092.1646,0.5653404,25.750653473634955
2091.7764,0.5658134,25.751458797178934
2091.7432,0.56563467,25.75152799096436
2092.2427,0.56600857,25.750491425917836
2093.5205,0.56562734,25.747839783530008
2098.0264,0.5665502,25.738502623314012
2107.7974,0.5647481,25.718323011951576
2126.8647,0.56691325,25.679212818276334
2168.324,0.5620166,25.595369840137643
2226.3533,0.5661425,25.48067129205501
2292.088,0.5572501,25.354299013139148
2259.541,0.564364,25.4164095374013
2156.097,0.56061035,25.61992892880838
2109.0688,0.56223625,25.715704251697076
2165.559,0.56491214,25.600911792056372
2187.4238,0.5584435,25.557282420578026
2120.4912,0.56496996,25.692246755729826
2113.753,0.56503266,25.70606976653819
2152.7234,0.5609483,25.62672964659152
2130.3845,0.56610674,25.67203131100267
2103.5112,0.56430364,25.72716382555155
2120.2637,0.56386906,25.692712760938925
2124.4238,0.56664985,25.68419998447856
2103.2686,0.56422806,25.727664555254613
2099.1787,0.56552887,25.73611778216284
2112.352,0.56669575,25.708949052083035
2106.996,0.5648136,25.71997455779574
2091.117,0.56644917,25.752828726528936
2095.284,0.5667801,25.744182795765845
2101.7107,0.5658283,25.73088255506837
2092.3452,0.5670815,25.750278395670954
2086.481,0.5666974,25.762467673334104
2090.2197,0.566789,25.754691965223238
2090.851,0.5676821,25.753380445211466
2085.477,0.56693274,25.764557811935738
2082.2803,0.56780386,25.771219682203498
2084.4258,0.5677511,25.766747526438497
2085.29,0.56730586,25.764946771817378
2082.1675,0.5685689,25.771455051673342
2081.6885,0.5674261,25.77245476921413
2085.254,0.5683257,25.765021761976598
2092.7454,0.5676629,25.74944796809244
2103.8042,0.5670407,25.72655884115133
2118.5269,0.5669052,25.69627219332495
2150.707,0.5646134,25.63079890502458
2179.745,0.5656368,25.572554662262903
2243.7524,0.563433,25.446862507352314
2393.8828,0.56479365,25.16558287144538
2649.6228,0.55394566,24.72477120100402
2687.5664,0.5589718,24.66301955194194
2429.6846,0.55619544,25.10111248757594
2166.7178,0.55959696,25.59858844851742
2257.4214,0.5608147,25.42048537665627
2345.0908,0.55704165,25.255015091166722
2215.648,0.56099856,25.50160428331083
2183.19,0.5620321,25.56569665236823
2222.5103,0.55947495,25.48817397079567
2196.837,0.5627313,25.538633602711386
2186.8848,0.56214994,25.558352690524565
2159.4624,0.5607664,25.61315507428596
2174.8025,0.5640642,25.582413547986825
2179.5137,0.5620366,25.573015823154034
2126.403,0.5621274,25.680155830163223
2165.4866,0.56483376,25.60105694287958
2158.7578,0.56253695,25.614572157875113
2114.2961,0.5641851,25.70495365182744
2143.1694,0.5651574,25.64604695535094
2131.3958,0.5639686,25.66997100431137
2109.9502,0.5657282,25.713889340559852
2120.878,0.56501544,25.691455293318327
2113.303,0.56600934,25.706994188468713
2100.286,0.56679636,25.733827294607035
2103.6013,0.5653896,25.726977366109463
2099.741,0.5675989,25.734954501216887
2096.2983,0.5674753,25.742081027303772
2091.211,0.5664184,25.75263392168417
2088.7034,0.568166,25.75784413572475
2089.353,0.5684969,25.756493626966662
2084.4688,0.567565,25.766657783425302
2083.9443,0.5683734,25.767750681192958
2081.0093,0.56941754,25.773871803544196
2078.7952,0.56806016,25.778495019489903
2076.066,0.56944954,25.784199994769068
2075.3916,0.569323,25.785611112011612
2074.15,0.56935185,25.788210308942354
2069.5535,0.56990725,25.79784530313759
2070.7075,0.5697618,25.795424118794436
2068.9326,0.5702987,25.799148634732923
2066.5317,0.56996065,25.80419084811503
2066.6167,0.5708527,25.80401227081881
2065.5757,0.5702993,25.806200931952084
2064.6711,0.5709645,25.80810305833673
2065.0715,0.5705857,25.807260691736204
2065.6558,0.5717867,25.806032585108596
2068.7786,0.56957275,25.799471513018815
2078.6323,0.5729094,25.778835275352726
2100.5596,0.5676226,25.733261890831702
2142.3772,0.5732171,25.64765214363758
2210.7092,0.56235236,25.51129530563373
2268.9807,0.57215875,25.398304047124288
2222.7737,0.56031567,25.487659316396854
2103.161,0.5713795,25.72788692978333
2088.9253,0.5703574,25.75738277568865
2149.8906,0.56318134,25.632448199790016
2129.9446,0.57141334,25.672929025881608
2086.9863,0.5680424,25.761415721116627
2098.8716,0.5668116,25.73675291537627
2110.45,0.5717234,25.712861053183083
2097.3994,0.56697196,25.739800551801927
2083.4895,0.56959647,25.7686986678991
2091.3608,0.5718334,25.75232214183936
2095.553,0.5668238,25.74362520837489
2077.8057,0.57133394,25.78056234377955
2079.5007,0.5712891,25.77702092087948
2083.2424,0.5679731,25.769213584374224
2072.4438,0.57219523,25.791784309572805
2075.1284,0.571023,25.78616168417472
2069.6072,0.56983876,25.797732216860215
2067.8555,0.5725943,25.801409879285366
2072.166,0.57091177,25.79236602052181
2059.7397,0.5713972,25.818488310702186
2062.5415,0.5727629,25.81258460103118
2067.372,0.5714607,25.80242509394469
2055.441,0.57262856,25.827561542360367
2056.9321,0.57289296,25.82441207527428
2058.72,0.57237846,25.820638868386258
2052.993,0.573536,25.832737083335214
2054.086,0.5728876,25.830425897914434
2052.3696,0.57354575,25.83405590444986
2049.3105,0.57386714,25.840533623905063
2049.3057,0.5732662,25.840544438640713
2048.4353,0.5744862,25.84238927597663
2047.1433,0.57366556,25.845129747176642
2045.9319,0.57427526,25.847700088833342
2045.2711,0.57447785,25.849102818285353
2045.215,0.5742698,25.84922219955225
2045.1415,0.57460064,25.849378444496736
2046.3251,0.574662,25.846865200443556
2051.4658,0.574586,25.835968623806963
2064.901,0.57367295,25.807619642205243
2090.916,0.57409257,25.753245549271575
2144.117,0.5704719,25.644126817652136
2205.6196,0.57138795,25.52130544632487
2262.8188,0.5685336,25.410114005116718
2192.0728,0.5704401,25.548062524972227
2097.7632,0.57090324,25.73904708625113
2104.583,0.5680776,25.72495085635202
2142.0598,0.5705766,25.648295549327
2094.0957,0.57010597,25.74664639336394
2073.314,0.5710946,25.78996081312654
2116.8096,0.57127637,25.699793721448778
2089.1553,0.57005954,25.75690415644233
2057.8716,0.5733679,25.82242865078086
2091.7207,0.57171184,25.751574766684246
2074.9785,0.5717814,25.78647592333871
2054.29,0.57419354,25.829994215242927
2079.624,0.5721868,25.776763470339247
2065.658,0.5735607,25.806027719420936
2049.1973,0.5744155,25.840774159923626
2065.9897,0.5736139,25.805330130739183
2055.9475,0.57437223,25.826491524103005
2041.9233,0.57490605,25.85621745643953
2054.401,0.5747639,25.82976001568911
2051.1917,0.57450265,25.836549542877755
2039.8201,0.57616395,25.86069321989423
2047.0209,0.5742342,25.84538923939013
2046.7373,0.57633764,25.845990836861517
2039.7112,0.5750935,25.86092508828849
2041.7542,0.5767973,25.856577399452355
2046.1421,0.5747636,25.847253695626044
2043.7017,0.57760227,25.852436740760755
2050.3735,0.5738521,25.838281930567575
2066.2415,0.5778257,25.80480116257558
2094.2297,0.57161266,25.746368557410847
2132.2,0.5775577,25.66833258788121
2188.7563,0.5685248,25.554637436168
2198.267,0.5762451,25.535807583026
2163.3616,0.57007265,25.605320768368784
2139.5347,0.57185423,25.653418392734622
2174.0593,0.57504964,25.58389760387566
2202.0356,0.5634536,25.528367944295248
2137.6274,0.57629913,25.657291792923942
2072.6973,0.57207775,25.791253352669724
2080.207,0.5709196,25.775546157053228
2110.1416,0.57606286,25.713496069132503
2108.1914,0.5700207,25.717511566429817
2072.841,0.5743611,25.79095153254773
2086.4346,0.5754512,25.762564016329804
2089.1396,0.57040066,25.756936712664146
2051.282,0.5762488,25.83635815461058
2065.0974,0.575648,25.807206351076154
2083.2031,0.5722154,25.769295930339588
2058.448,0.57659733,25.821212825458208
2055.6428,0.5761356,25.82713529836603
2058.3394,0.5736368,25.82144212537449
2045.8652,0.5771616,25.84784141782484
2050.0989,0.5763878,25.83886358480377
2049.5908,0.5754085,25.839939933966548
2043.4216,0.5775295,25.853031639510235
2047.3926,0.5765464,25.84460077437763
2038.6393,0.5772725,25.86320765938643
2030.9514,0.5773389,25.87961628453813
2036.7708,0.57778883,25.867189989794408
2033.451,0.5775501,25.874274479168086
2025.1262,0.5778539,25.892090697906927
2029.3492,0.5786993,25.883043871613722
2032.4885,0.577405,25.876331002364065
2026.0243,0.57873017,25.89016525077177
2025.4822,0.578715,25.89132747399657
2028.7561,0.5782935,25.88431340657128
2025.6068,0.57881814,25.89106036058086
2023.7632,0.5795267,25.895014987429306
2028.7161,0.5782384,25.884399183813183
2030.149,0.57971674,25.8813325039044
2032.735,0.57870895,25.875804113583662
2044.0002,0.57900876,25.85180212241148
2061.767,0.5781835,25.814215821185783
2083.8818,0.57830733,25.76788057503113
2108.809,0.57636255,25.716239151361485
2123.0571,0.57784486,25.686995035624225
2116.0508,0.5753612,25.701350954192353
2078.7246,0.5775121,25.778642254816788
2049.5708,0.5775177,25.83998223266598
2038.8948,0.57763726,25.862663645570354
2047.0768,0.5780074,25.84527048359789
2057.3325,0.5782442,25.823566917959045
2053.3176,0.57718486,25.832050434519232
2035.4016,0.58009213,25.870110847088945
2032.099,0.57733107,25.877162938347258
2036.1691,0.580159,25.86847353633585
2039.1187,0.57721645,25.862186510872
2034.2488,0.5807722,25.87257138900018
2033.4058,0.57781124,25.874371398698113
2032.37,0.5805171,25.87658407957167
2035.6802,0.57832265,25.869516460937042
2044.2911,0.58072835,25.851184258896815
2063.2014,0.57638603,25.811195358987284
2077.66,0.58156234,25.780867128275837
2099.7815,0.57294726,25.734870521946597
2093.1646,0.58231145,25.748578340407
2089.3916,0.5734267,25.756413234262507
2063.2427,0.58094585,25.811108368860705
2050.5127,0.57815284,25.837987143141632
2053.7297,0.5775694,25.831179058708628
2061.112,0.5808737,25.815595745037673
2067.539,0.5763452,25.80207427452043
2057.6138,0.58073133,25.822973329597495
2047.5405,0.5780614,25.844286949452027
2044.0553,0.57977897,25.851685506830954
2046.983,0.57964057,25.84546937474771
2038.5388,0.5783931,25.863421964807
2021.6868,0.581487,25.899472897408838
2019.5652,0.57911915,25.904033028213576
2024.8688,0.58135694,25.892642887576045
2029.0056,0.58038384,25.883779242785966
2027.8842,0.5802538,25.886180379247673
2020.1853,0.5812987,25.90269955134165
2012.9956,0.58126146,25.918183723163295
2012.4774,0.5810233,25.91930161844106
2017.3102,0.582398,25.908884929509213
2020.1631,0.58076304,25.90274767553815
2015.3943,0.58226943,25.91301174431651
2013.6741,0.5825962,25.91672013837949
2018.8628,0.5807087,25.905543839394
2027.5557,0.5837162,25.886884061612395
2044.5591,0.57908803,25.85061501252347
2067.438,0.58346295,25.802286990849176
2104.1807,0.57714677,25.725781580686267
2123.9668,0.58202744,25.685134899931473
2149.912,0.5759056,25.63240475344193
2155.2285,0.57991713,25.621678575375675
2158.1055,0.5765024,25.61588529216973
2131.942,0.5785952,25.668857799223037
2068.4233,0.5792764,25.8002174579905
2039.1902,0.5802199,25.862034264744842
2061.0574,0.5781831,25.81571096985416
2081.5847,0.58031625,25.77267092963233
2070.9011,0.57913923,25.795018101297494
2056.6914,0.58076483,25.824920490394135
2065.2485,0.5784741,25.806888778231837
2064.5535,0.5818565,25.808350489689982
2070.038,0.57537717,25.79682873794517
2075.7285,0.5840559,25.784905927507356
2078.6973,0.5753111,25.778699261455145
2044.6427,0.58301777,25.85043741307901
2032.4454,0.5809387,25.87642265845803
2036.9673,0.57968515,25.86677125847592
2031.8296,0.5828493,25.877738689716363
2025.7216,0.5803142,25.890814307799438
2018.1073,0.58169246,25.90716930446383
2014.4115,0.58221215,25.91512986194486
2018.303,0.5820716,25.906748297530605
2024.4045,0.5817483,25.893638738726644
2019.4292,0.58307785,25.904325607432543
2010.3945,0.58200234,25.92379873043576
2007.278,0.5841033,25.93053667749735
2011.6707,0.5813389,25.921042758781635
2011.0232,0.5850348,25.922440937029183
2011.1167,0.58141345,25.922238957956232
2012.5629,0.58533645,25.919117153052117
2015.3452,0.5816028,25.913117467270226
2015.0682,0.58538204,25.913714308135376
2021.2614,0.5816438,25.900387108427
2031.7316,0.58548063,25.87794860084548
2045.8502,0.58069855,25.847873422458672
2049.0076,0.5854141,25.84117613222689
2052.7937,0.58042485,25.83315860690135
2040.2874,0.58459216,25.85969815378855
2019.264,0.58181316,25.90468065610935
1999.1782,0.58406085,25.94809668178852
